{
  "galaxies": [
    {
      "name": "PGC 1651721",
      "al2000": 12.9409511,
      "de2000": 21.5214739,
      "pa": 36.24,
      "logd25": 0.549,
      "logr25":  0.14,
      "descs": [
        "10億4200万光年"
      ]
    }
  ]
}
