{
  "galaxies": [
    {
      "name": "NGC4826",
      "al2000": 12.9454673,
      "de2000": 21.6821044,
      "pa": 114.0,
      "logd25": 2.022,
      "logr25": 0.295,
      "descs": [
        "1440万光年"
      ],
      "style": {
        "marker": {
          "size": 1.1,
          "label-position": "middle-right",
          "label-vertical-align": "middle"
        },
        "name": {
          "font-size": 80
        }
      }
    },
    {
      "name": "PGC 1651721",
      "al2000": 12.9409511,
      "de2000": 21.5214739,
      "pa": 36.24,
      "logd25": 0.549,
      "logr25":  0.14,
      "descs": [
        "10億4200万光年"
      ]
    }
  ]
}
